id,location,filename,company_id,category,year,part,desc
1,GHG data,2017_83.png,83,ghg,2017,0,Year 2017 - GHG data
2,GHG data,2018_12.png,12,ghg,2018,0,Year 2018 - GHG data
3,GHG data,2019_07_03.png,07,ghg,2019,03,Year 2019 - GHG data - doc03
4,GHG data,2019_10.png,10,ghg,2019,0,Year 2019 - GHG data
5,GHG data,2019_108.png,108,ghg,2019,0,Year 2019 - GHG data
6,GHG data,2019_108_1.png,108,ghg,2019,1,Year 2019 - GHG data - doc1
7,GHG data,2019_108_2.png,108,ghg,2019,2,Year 2019 - GHG data - doc2
8,GHG data,2019_108_3.png,108,ghg,2019,3,Year 2019 - GHG data - doc3
9,GHG data,2019_112.png,112,ghg,2019,0,Year 2019 - GHG data
10,GHG data,2019_112_1.png,112,ghg,2019,1,Year 2019 - GHG data - doc1
11,GHG data,2019_12.png,12,ghg,2019,0,Year 2019 - GHG data
12,GHG data,2019_19.pdf,19,ghg,2019,0,Year 2019 - GHG data
13,GHG data,2019_19.png,19,ghg,2019,0,Year 2019 - GHG data
14,GHG data,2019_25.png,25,ghg,2019,0,Year 2019 - GHG data
15,GHG data,2019_50.png,50,ghg,2019,0,Year 2019 - GHG data
16,GHG data,2019_52.png,52,ghg,2019,0,Year 2019 - GHG data
17,GHG data,2019_57.xlsx,57,ghg,2019,0,Year 2019 - GHG data
18,GHG data,2019_62.png,62,ghg,2019,0,Year 2019 - GHG data
19,GHG data,2019_63.png,63,ghg,2019,0,Year 2019 - GHG data
20,GHG data,2019_64.png,64,ghg,2019,0,Year 2019 - GHG data
21,GHG data,2019_68.png,68,ghg,2019,0,Year 2019 - GHG data
22,GHG data,2019_7.png,7,ghg,2019,0,Year 2019 - GHG data
23,GHG data,2019_77.png,77,ghg,2019,0,Year 2019 - GHG data
24,GHG data,2019_77_1.png,77,ghg,2019,1,Year 2019 - GHG data - doc1
25,GHG data,2019_79.png,79,ghg,2019,0,Year 2019 - GHG data
26,GHG data,2019_79_1.png,79,ghg,2019,1,Year 2019 - GHG data - doc1
27,GHG data,2019_7_1.png,7,ghg,2019,1,Year 2019 - GHG data - doc1
28,GHG data,2019_83.png,83,ghg,2019,0,Year 2019 - GHG data
29,GHG data,2020_09.png,09,ghg,2020,0,Year 2020 - GHG data
30,GHG data,2020_09_03.png,09,ghg,2020,03,Year 2020 - GHG data - doc03
31,GHG data,2020_1.png,1,ghg,2020,0,Year 2020 - GHG data
32,GHG data,2020_100.pdf,100,ghg,2020,0,Year 2020 - GHG data
33,GHG data,2020_100.png,100,ghg,2020,0,Year 2020 - GHG data
34,GHG data,2020_100_1.png,100,ghg,2020,1,Year 2020 - GHG data - doc1
35,GHG data,2020_102.pdf,102,ghg,2020,0,Year 2020 - GHG data
36,GHG data,2020_102.png,102,ghg,2020,0,Year 2020 - GHG data
37,GHG data,2020_103.png,103,ghg,2020,0,Year 2020 - GHG data
38,GHG data,2020_103_1.png,103,ghg,2020,1,Year 2020 - GHG data - doc1
39,GHG data,2020_103_2.png,103,ghg,2020,2,Year 2020 - GHG data - doc2
40,GHG data,2020_104.png,104,ghg,2020,0,Year 2020 - GHG data
41,GHG data,2020_105.png,105,ghg,2020,0,Year 2020 - GHG data
42,GHG data,2020_106.png,106,ghg,2020,0,Year 2020 - GHG data
43,GHG data,2020_107.png,107,ghg,2020,0,Year 2020 - GHG data
44,GHG data,2020_108.png,108,ghg,2020,0,Year 2020 - GHG data
45,GHG data,2020_108_1.png,108,ghg,2020,1,Year 2020 - GHG data - doc1
46,GHG data,2020_109.png,109,ghg,2020,0,Year 2020 - GHG data
47,GHG data,2020_10_01.png,10,ghg,2020,01,Year 2020 - GHG data - doc01
48,GHG data,2020_11.png,11,ghg,2020,0,Year 2020 - GHG data
49,GHG data,2020_110.png,110,ghg,2020,0,Year 2020 - GHG data
50,GHG data,2020_110_1.png,110,ghg,2020,1,Year 2020 - GHG data - doc1
51,GHG data,2020_110_2.png,110,ghg,2020,2,Year 2020 - GHG data - doc2
52,GHG data,2020_110_3.png,110,ghg,2020,3,Year 2020 - GHG data - doc3
53,GHG data,2020_111.png,111,ghg,2020,0,Year 2020 - GHG data
54,GHG data,2020_113.png,113,ghg,2020,0,Year 2020 - GHG data
55,GHG data,2020_113_1.png,113,ghg,2020,1,Year 2020 - GHG data - doc1
56,GHG data,2020_113_2.png,113,ghg,2020,2,Year 2020 - GHG data - doc2
57,GHG data,2020_13_1.png,13,ghg,2020,1,Year 2020 - GHG data - doc1
58,GHG data,2020_13_2.png,13,ghg,2020,2,Year 2020 - GHG data - doc2
59,GHG data,2020_13_3.png,13,ghg,2020,3,Year 2020 - GHG data - doc3
60,GHG data,2020_14_1.png,14,ghg,2020,1,Year 2020 - GHG data - doc1
61,GHG data,2020_14_2.png,14,ghg,2020,2,Year 2020 - GHG data - doc2
62,GHG data,2020_15.png,15,ghg,2020,0,Year 2020 - GHG data
63,GHG data,2020_15_3.png,15,ghg,2020,3,Year 2020 - GHG data - doc3
64,GHG data,2020_16.png,16,ghg,2020,0,Year 2020 - GHG data
65,GHG data,2020_16_1.png,16,ghg,2020,1,Year 2020 - GHG data - doc1
66,GHG data,2020_18.pdf,18,ghg,2020,0,Year 2020 - GHG data
67,GHG data,2020_18_1.png,18,ghg,2020,1,Year 2020 - GHG data - doc1
68,GHG data,2020_18_2.png,18,ghg,2020,2,Year 2020 - GHG data - doc2
69,GHG data,2020_18_3.png,18,ghg,2020,3,Year 2020 - GHG data - doc3
70,GHG data,2020_1_1.png,1,ghg,2020,1,Year 2020 - GHG data - doc1
71,GHG data,2020_1_2.png,1,ghg,2020,2,Year 2020 - GHG data - doc2
72,GHG data,2020_2.png,2,ghg,2020,0,Year 2020 - GHG data
73,GHG data,2020_20.png,20,ghg,2020,0,Year 2020 - GHG data
74,GHG data,2020_20_1.pdf,20,ghg,2020,1,Year 2020 - GHG data - doc1
75,GHG data,2020_20_2.png,20,ghg,2020,2,Year 2020 - GHG data - doc2
76,GHG data,2020_20_3.png,20,ghg,2020,3,Year 2020 - GHG data - doc3
77,GHG data,2020_21.pdf,21,ghg,2020,0,Year 2020 - GHG data
78,GHG data,2020_21.png,21,ghg,2020,0,Year 2020 - GHG data
79,GHG data,2020_22.png,22,ghg,2020,0,Year 2020 - GHG data
80,GHG data,2020_23.pdf,23,ghg,2020,0,Year 2020 - GHG data
81,GHG data,2020_23.png,23,ghg,2020,0,Year 2020 - GHG data
82,GHG data,2020_24.png,24,ghg,2020,0,Year 2020 - GHG data
83,GHG data,2020_27.png,27,ghg,2020,0,Year 2020 - GHG data
84,GHG data,2020_27_1.png,27,ghg,2020,1,Year 2020 - GHG data - doc1
85,GHG data,2020_28.png,28,ghg,2020,0,Year 2020 - GHG data
86,GHG data,2020_28_1.png,28,ghg,2020,1,Year 2020 - GHG data - doc1
87,GHG data,2020_29.png,29,ghg,2020,0,Year 2020 - GHG data
88,GHG data,2020_2_1.png,2,ghg,2020,1,Year 2020 - GHG data - doc1
89,GHG data,2020_3.png,3,ghg,2020,0,Year 2020 - GHG data
90,GHG data,2020_30.pdf,30,ghg,2020,0,Year 2020 - GHG data
91,GHG data,2020_30.png,30,ghg,2020,0,Year 2020 - GHG data
92,GHG data,2020_30_1.png,30,ghg,2020,1,Year 2020 - GHG data - doc1
93,GHG data,2020_31.pdf,31,ghg,2020,0,Year 2020 - GHG data
94,GHG data,2020_31.png,31,ghg,2020,0,Year 2020 - GHG data
95,GHG data,2020_32.png,32,ghg,2020,0,Year 2020 - GHG data
96,GHG data,2020_32_1.png,32,ghg,2020,1,Year 2020 - GHG data - doc1
97,GHG data,2020_32_2.png,32,ghg,2020,2,Year 2020 - GHG data - doc2
98,GHG data,2020_33.pdf,33,ghg,2020,0,Year 2020 - GHG data
99,GHG data,2020_33.png,33,ghg,2020,0,Year 2020 - GHG data
100,GHG data,2020_34.png,34,ghg,2020,0,Year 2020 - GHG data
101,GHG data,2020_34_1.pdf,34,ghg,2020,1,Year 2020 - GHG data - doc1
102,GHG data,2020_34_1.png,34,ghg,2020,1,Year 2020 - GHG data - doc1
103,GHG data,2020_36.pdf,36,ghg,2020,0,Year 2020 - GHG data
104,GHG data,2020_36.png,36,ghg,2020,0,Year 2020 - GHG data
105,GHG data,2020_36_1.png,36,ghg,2020,1,Year 2020 - GHG data - doc1
106,GHG data,2020_37.pdf,37,ghg,2020,0,Year 2020 - GHG data
107,GHG data,2020_38.png,38,ghg,2020,0,Year 2020 - GHG data
108,GHG data,2020_39.pdf,39,ghg,2020,0,Year 2020 - GHG data
109,GHG data,2020_39.png,39,ghg,2020,0,Year 2020 - GHG data
110,GHG data,2020_39.xlsx,39,ghg,2020,0,Year 2020 - GHG data
111,GHG data,2020_3_1.png,3,ghg,2020,1,Year 2020 - GHG data - doc1
112,GHG data,2020_4.pdf,4,ghg,2020,0,Year 2020 - GHG data
113,GHG data,2020_4.png,4,ghg,2020,0,Year 2020 - GHG data
114,GHG data,2020_40.png,40,ghg,2020,0,Year 2020 - GHG data
115,GHG data,2020_41.png,41,ghg,2020,0,Year 2020 - GHG data
116,GHG data,2020_41_1.png,41,ghg,2020,1,Year 2020 - GHG data - doc1
117,GHG data,2020_42.png,42,ghg,2020,0,Year 2020 - GHG data
118,GHG data,2020_42_1.png,42,ghg,2020,1,Year 2020 - GHG data - doc1
119,GHG data,2020_42_2.png,42,ghg,2020,2,Year 2020 - GHG data - doc2
120,GHG data,2020_43.png,43,ghg,2020,0,Year 2020 - GHG data
121,GHG data,2020_43_1.pdf,43,ghg,2020,1,Year 2020 - GHG data - doc1
122,GHG data,2020_43_2.png,43,ghg,2020,2,Year 2020 - GHG data - doc2
123,GHG data,2020_44.png,44,ghg,2020,0,Year 2020 - GHG data
124,GHG data,2020_45.pdf,45,ghg,2020,0,Year 2020 - GHG data
125,GHG data,2020_45.png,45,ghg,2020,0,Year 2020 - GHG data
126,GHG data,2020_46.png,46,ghg,2020,0,Year 2020 - GHG data
127,GHG data,2020_47.png,47,ghg,2020,0,Year 2020 - GHG data
128,GHG data,2020_48.pdf,48,ghg,2020,0,Year 2020 - GHG data
129,GHG data,2020_48.png,48,ghg,2020,0,Year 2020 - GHG data
130,GHG data,2020_48_1.png,48,ghg,2020,1,Year 2020 - GHG data - doc1
131,GHG data,2020_48_2.png,48,ghg,2020,2,Year 2020 - GHG data - doc2
132,GHG data,2020_49.png,49,ghg,2020,0,Year 2020 - GHG data
133,GHG data,2020_49_1.png,49,ghg,2020,1,Year 2020 - GHG data - doc1
134,GHG data,2020_4_1.png,4,ghg,2020,1,Year 2020 - GHG data - doc1
135,GHG data,2020_5.png,5,ghg,2020,0,Year 2020 - GHG data
136,GHG data,2020_51.pdf,51,ghg,2020,0,Year 2020 - GHG data
137,GHG data,2020_51.png,51,ghg,2020,0,Year 2020 - GHG data
138,GHG data,2020_51_1.png,51,ghg,2020,1,Year 2020 - GHG data - doc1
139,GHG data,2020_53.pdf,53,ghg,2020,0,Year 2020 - GHG data
140,GHG data,2020_53.png,53,ghg,2020,0,Year 2020 - GHG data
141,GHG data,2020_53_2.png,53,ghg,2020,2,Year 2020 - GHG data - doc2
142,GHG data,2020_54.pdf,54,ghg,2020,0,Year 2020 - GHG data
143,GHG data,2020_54.png,54,ghg,2020,0,Year 2020 - GHG data
144,GHG data,2020_54_1.png,54,ghg,2020,1,Year 2020 - GHG data - doc1
145,GHG data,2020_55.png,55,ghg,2020,0,Year 2020 - GHG data
146,GHG data,2020_56.png,56,ghg,2020,0,Year 2020 - GHG data
147,GHG data,2020_56_1.png,56,ghg,2020,1,Year 2020 - GHG data - doc1
148,GHG data,2020_59.pdf,59,ghg,2020,0,Year 2020 - GHG data
149,GHG data,2020_59.png,59,ghg,2020,0,Year 2020 - GHG data
150,GHG data,2020_6.png,6,ghg,2020,0,Year 2020 - GHG data
151,GHG data,2020_60.png,60,ghg,2020,0,Year 2020 - GHG data
152,GHG data,2020_60_1.png,60,ghg,2020,1,Year 2020 - GHG data - doc1
153,GHG data,2020_61.png,61,ghg,2020,0,Year 2020 - GHG data
154,GHG data,2020_61_1.png,61,ghg,2020,1,Year 2020 - GHG data - doc1
155,GHG data,2020_63_1.png,63,ghg,2020,1,Year 2020 - GHG data - doc1
156,GHG data,2020_63_2.png,63,ghg,2020,2,Year 2020 - GHG data - doc2
157,GHG data,2020_64_2.pdf,64,ghg,2020,2,Year 2020 - GHG data - doc2
158,GHG data,2020_65.pdf,65,ghg,2020,0,Year 2020 - GHG data
159,GHG data,2020_65.png,65,ghg,2020,0,Year 2020 - GHG data
160,GHG data,2020_66.png,66,ghg,2020,0,Year 2020 - GHG data
161,GHG data,2020_66_1.png,66,ghg,2020,1,Year 2020 - GHG data - doc1
162,GHG data,2020_66_2.png,66,ghg,2020,2,Year 2020 - GHG data - doc2
163,GHG data,2020_67.png,67,ghg,2020,0,Year 2020 - GHG data
164,GHG data,2020_67_1.pdf,67,ghg,2020,1,Year 2020 - GHG data - doc1
165,GHG data,2020_69.png,69,ghg,2020,0,Year 2020 - GHG data
166,GHG data,2020_69_2.png,69,ghg,2020,2,Year 2020 - GHG data - doc2
167,GHG data,2020_6_1.pdf,6,ghg,2020,1,Year 2020 - GHG data - doc1
168,GHG data,2020_6_1.png,6,ghg,2020,1,Year 2020 - GHG data - doc1
169,GHG data,2020_70.png,70,ghg,2020,0,Year 2020 - GHG data
170,GHG data,2020_70_1.png,70,ghg,2020,1,Year 2020 - GHG data - doc1
171,GHG data,2020_71.png,71,ghg,2020,0,Year 2020 - GHG data
172,GHG data,2020_72.png,72,ghg,2020,0,Year 2020 - GHG data
173,GHG data,2020_74.pdf,74,ghg,2020,0,Year 2020 - GHG data
174,GHG data,2020_74.png,74,ghg,2020,0,Year 2020 - GHG data
175,GHG data,2020_75.png,75,ghg,2020,0,Year 2020 - GHG data
176,GHG data,2020_75_1.png,75,ghg,2020,1,Year 2020 - GHG data - doc1
177,GHG data,2020_76_1.png,76,ghg,2020,1,Year 2020 - GHG data - doc1
178,GHG data,2020_78.png,78,ghg,2020,0,Year 2020 - GHG data
179,GHG data,2020_78_1.png,78,ghg,2020,1,Year 2020 - GHG data - doc1
180,GHG data,2020_8.png,8,ghg,2020,0,Year 2020 - GHG data
181,GHG data,2020_80.png,80,ghg,2020,0,Year 2020 - GHG data
182,GHG data,2020_81.png,81,ghg,2020,0,Year 2020 - GHG data
183,GHG data,2020_82.pdf,82,ghg,2020,0,Year 2020 - GHG data
184,GHG data,2020_82_1.png,82,ghg,2020,1,Year 2020 - GHG data - doc1
185,GHG data,2020_82_2.png,82,ghg,2020,2,Year 2020 - GHG data - doc2
186,GHG data,2020_82_3.png,82,ghg,2020,3,Year 2020 - GHG data - doc3
187,GHG data,2020_84.png,84,ghg,2020,0,Year 2020 - GHG data
188,GHG data,2020_84_1.png,84,ghg,2020,1,Year 2020 - GHG data - doc1
189,GHG data,2020_84_2.png,84,ghg,2020,2,Year 2020 - GHG data - doc2
190,GHG data,2020_85.pdf,85,ghg,2020,0,Year 2020 - GHG data
191,GHG data,2020_86.png,86,ghg,2020,0,Year 2020 - GHG data
192,GHG data,2020_87.png,87,ghg,2020,0,Year 2020 - GHG data
193,GHG data,2020_87_1.png,87,ghg,2020,1,Year 2020 - GHG data - doc1
194,GHG data,2020_88.png,88,ghg,2020,0,Year 2020 - GHG data
195,GHG data,2020_89.png,89,ghg,2020,0,Year 2020 - GHG data
196,GHG data,2020_89_1.png,89,ghg,2020,1,Year 2020 - GHG data - doc1
197,GHG data,2020_9.png,9,ghg,2020,0,Year 2020 - GHG data
198,GHG data,2020_90.png,90,ghg,2020,0,Year 2020 - GHG data
199,GHG data,2020_90_1.png,90,ghg,2020,1,Year 2020 - GHG data - doc1
200,GHG data,2020_90_2.png,90,ghg,2020,2,Year 2020 - GHG data - doc2
201,GHG data,2020_92.png,92,ghg,2020,0,Year 2020 - GHG data
202,GHG data,2020_93.png,93,ghg,2020,0,Year 2020 - GHG data
203,GHG data,2020_93_1.png,93,ghg,2020,1,Year 2020 - GHG data - doc1
204,GHG data,2020_94.png,94,ghg,2020,0,Year 2020 - GHG data
205,GHG data,2020_94_1.png,94,ghg,2020,1,Year 2020 - GHG data - doc1
206,GHG data,2020_94_2.png,94,ghg,2020,2,Year 2020 - GHG data - doc2
207,GHG data,2020_96.png,96,ghg,2020,0,Year 2020 - GHG data
208,GHG data,2020_96.xlsx,96,ghg,2020,0,Year 2020 - GHG data
209,GHG data,2020_97.png,97,ghg,2020,0,Year 2020 - GHG data
210,GHG data,2020_97_1.png,97,ghg,2020,1,Year 2020 - GHG data - doc1
211,GHG data,2020_98.pdf,98,ghg,2020,0,Year 2020 - GHG data
212,GHG data,2020_98.png,98,ghg,2020,0,Year 2020 - GHG data
213,GHG data,2020_99.png,99,ghg,2020,0,Year 2020 - GHG data
214,GHG data,2020_99_1.png,99,ghg,2020,1,Year 2020 - GHG data - doc1
215,GHG data,2021_101.pdf,101,ghg,2021,0,Year 2021 - GHG data
216,GHG data,2021_14.png,14,ghg,2021,0,Year 2021 - GHG data
217,GHG data,2021_99.pdf,99,ghg,2021,0,Year 2021 - GHG data
218,CDP report,2017_7.pdf,7,cdp,2017,0,Year 2017 - CDP report
219,CDP report,2017_80.pdf,80,cdp,2017,0,Year 2017 - CDP report
220,CDP report,2017_95.pdf,95,cdp,2017,0,Year 2017 - CDP report
221,CDP report,2018_106.pdf,106,cdp,2018,0,Year 2018 - CDP report
222,CDP report,2018_14.pdf,14,cdp,2018,0,Year 2018 - CDP report
223,CDP report,2018_4.pdf,4,cdp,2018,0,Year 2018 - CDP report
224,CDP report,2018_5.pdf,5,cdp,2018,0,Year 2018 - CDP report
225,CDP report,2018_6.pdf,6,cdp,2018,0,Year 2018 - CDP report
226,CDP report,2018_66.pdf,66,cdp,2018,0,Year 2018 - CDP report
227,CDP report,2018_7.pdf,7,cdp,2018,0,Year 2018 - CDP report
228,CDP report,2018_74.pdf,74,cdp,2018,0,Year 2018 - CDP report
229,CDP report,2018_80.pdf,80,cdp,2018,0,Year 2018 - CDP report
230,CDP report,2018_95.pdf,95,cdp,2018,0,Year 2018 - CDP report
231,CDP report,2019_1.pdf,1,cdp,2019,0,Year 2019 - CDP report
232,CDP report,2019_10.pdf,10,cdp,2019,0,Year 2019 - CDP report
233,CDP report,2019_100.pdf,100,cdp,2019,0,Year 2019 - CDP report
234,CDP report,2019_103.pdf,103,cdp,2019,0,Year 2019 - CDP report
235,CDP report,2019_105.pdf,105,cdp,2019,0,Year 2019 - CDP report
236,CDP report,2019_106.pdf,106,cdp,2019,0,Year 2019 - CDP report
237,CDP report,2019_109.pdf,109,cdp,2019,0,Year 2019 - CDP report
238,CDP report,2019_11.pdf,11,cdp,2019,0,Year 2019 - CDP report
239,CDP report,2019_110.pdf,110,cdp,2019,0,Year 2019 - CDP report
240,CDP report,2019_111.pdf,111,cdp,2019,0,Year 2019 - CDP report
241,CDP report,2019_112.pdf,112,cdp,2019,0,Year 2019 - CDP report
242,CDP report,2019_12.pdf,12,cdp,2019,0,Year 2019 - CDP report
243,CDP report,2019_13.pdf,13,cdp,2019,0,Year 2019 - CDP report
244,CDP report,2019_14.pdf,14,cdp,2019,0,Year 2019 - CDP report
245,CDP report,2019_15.pdf,15,cdp,2019,0,Year 2019 - CDP report
246,CDP report,2019_16.pdf,16,cdp,2019,0,Year 2019 - CDP report
247,CDP report,2019_18.pdf,18,cdp,2019,0,Year 2019 - CDP report
248,CDP report,2019_19.pdf,19,cdp,2019,0,Year 2019 - CDP report
249,CDP report,2019_2.pdf,2,cdp,2019,0,Year 2019 - CDP report
250,CDP report,2019_22.pdf,22,cdp,2019,0,Year 2019 - CDP report
251,CDP report,2019_23.pdf,23,cdp,2019,0,Year 2019 - CDP report
252,CDP report,2019_25.pdf,25,cdp,2019,0,Year 2019 - CDP report
253,CDP report,2019_27.pdf,27,cdp,2019,0,Year 2019 - CDP report
254,CDP report,2019_28.pdf,28,cdp,2019,0,Year 2019 - CDP report
255,CDP report,2019_29.pdf,29,cdp,2019,0,Year 2019 - CDP report
256,CDP report,2019_2_1.pdf,2,cdp,2019,1,Year 2019 - CDP report - doc1
257,CDP report,2019_3.pdf,3,cdp,2019,0,Year 2019 - CDP report
258,CDP report,2019_30.pdf,30,cdp,2019,0,Year 2019 - CDP report
259,CDP report,2019_31.pdf,31,cdp,2019,0,Year 2019 - CDP report
260,CDP report,2019_32.pdf,32,cdp,2019,0,Year 2019 - CDP report
261,CDP report,2019_33.pdf,33,cdp,2019,0,Year 2019 - CDP report
262,CDP report,2019_34.pdf,34,cdp,2019,0,Year 2019 - CDP report
263,CDP report,2019_36.pdf,36,cdp,2019,0,Year 2019 - CDP report
264,CDP report,2019_39.pdf,39,cdp,2019,0,Year 2019 - CDP report
265,CDP report,2019_4.pdf,4,cdp,2019,0,Year 2019 - CDP report
266,CDP report,2019_40.pdf,40,cdp,2019,0,Year 2019 - CDP report
267,CDP report,2019_44.pdf,44,cdp,2019,0,Year 2019 - CDP report
268,CDP report,2019_45.pdf,45,cdp,2019,0,Year 2019 - CDP report
269,CDP report,2019_46.pdf,46,cdp,2019,0,Year 2019 - CDP report
270,CDP report,2019_47.pdf,47,cdp,2019,0,Year 2019 - CDP report
271,CDP report,2019_48.pdf,48,cdp,2019,0,Year 2019 - CDP report
272,CDP report,2019_49.pdf,49,cdp,2019,0,Year 2019 - CDP report
273,CDP report,2019_5.pdf,5,cdp,2019,0,Year 2019 - CDP report
274,CDP report,2019_50.pdf,50,cdp,2019,0,Year 2019 - CDP report
275,CDP report,2019_51.pdf,51,cdp,2019,0,Year 2019 - CDP report
276,CDP report,2019_52.pdf,52,cdp,2019,0,Year 2019 - CDP report
277,CDP report,2019_54.pdf,54,cdp,2019,0,Year 2019 - CDP report
278,CDP report,2019_55.pdf,55,cdp,2019,0,Year 2019 - CDP report
279,CDP report,2019_56.pdf,56,cdp,2019,0,Year 2019 - CDP report
280,CDP report,2019_58.pdf,58,cdp,2019,0,Year 2019 - CDP report
281,CDP report,2019_59.pdf,59,cdp,2019,0,Year 2019 - CDP report
282,CDP report,2019_6.pdf,6,cdp,2019,0,Year 2019 - CDP report
283,CDP report,2019_60.pdf,60,cdp,2019,0,Year 2019 - CDP report
284,CDP report,2019_61.pdf,61,cdp,2019,0,Year 2019 - CDP report
285,CDP report,2019_62.pdf,62,cdp,2019,0,Year 2019 - CDP report
286,CDP report,2019_64.pdf,64,cdp,2019,0,Year 2019 - CDP report
287,CDP report,2019_65.pdf,65,cdp,2019,0,Year 2019 - CDP report
288,CDP report,2019_66.pdf,66,cdp,2019,0,Year 2019 - CDP report
289,CDP report,2019_67.pdf,67,cdp,2019,0,Year 2019 - CDP report
290,CDP report,2019_68.pdf,68,cdp,2019,0,Year 2019 - CDP report
291,CDP report,2019_7.pdf,7,cdp,2019,0,Year 2019 - CDP report
292,CDP report,2019_71.pdf,71,cdp,2019,0,Year 2019 - CDP report
293,CDP report,2019_72.pdf,72,cdp,2019,0,Year 2019 - CDP report
294,CDP report,2019_74.pdf,74,cdp,2019,0,Year 2019 - CDP report
295,CDP report,2019_75.pdf,75,cdp,2019,0,Year 2019 - CDP report
296,CDP report,2019_76.pdf,76,cdp,2019,0,Year 2019 - CDP report
297,CDP report,2019_77.pdf,77,cdp,2019,0,Year 2019 - CDP report
298,CDP report,2019_78.pdf,78,cdp,2019,0,Year 2019 - CDP report
299,CDP report,2019_79.pdf,79,cdp,2019,0,Year 2019 - CDP report
300,CDP report,2019_82.pdf,82,cdp,2019,0,Year 2019 - CDP report
301,CDP report,2019_84.pdf,84,cdp,2019,0,Year 2019 - CDP report
302,CDP report,2019_86.pdf,86,cdp,2019,0,Year 2019 - CDP report
303,CDP report,2019_87.pdf,87,cdp,2019,0,Year 2019 - CDP report
304,CDP report,2019_89.pdf,89,cdp,2019,0,Year 2019 - CDP report
305,CDP report,2019_90.pdf,90,cdp,2019,0,Year 2019 - CDP report
306,CDP report,2019_91.pdf,91,cdp,2019,0,Year 2019 - CDP report
307,CDP report,2019_92.pdf,92,cdp,2019,0,Year 2019 - CDP report
308,CDP report,2019_93.pdf,93,cdp,2019,0,Year 2019 - CDP report
309,CDP report,2019_94.pdf,94,cdp,2019,0,Year 2019 - CDP report
310,CDP report,2019_95.pdf,95,cdp,2019,0,Year 2019 - CDP report
311,CDP report,2019_96.pdf,96,cdp,2019,0,Year 2019 - CDP report
312,CDP report,2019_97.pdf,97,cdp,2019,0,Year 2019 - CDP report
313,CDP report,2019_98.pdf,98,cdp,2019,0,Year 2019 - CDP report
314,CDP report,2019_99.pdf,99,cdp,2019,0,Year 2019 - CDP report
315,CDP report,2020_102.pdf,102,cdp,2020,0,Year 2020 - CDP report
316,CDP report,2020_107_1.png,107,cdp,2020,1,Year 2020 - CDP report - doc1
317,CDP report,2020_113.pdf,113,cdp,2020,0,Year 2020 - CDP report
318,CDP report,2020_15.pdf,15,cdp,2020,0,Year 2020 - CDP report
319,CDP report,2020_20.pdf,20,cdp,2020,0,Year 2020 - CDP report
320,CDP report,2020_38.pdf,38,cdp,2020,0,Year 2020 - CDP report
321,CDP report,2020_41.pdf,41,cdp,2020,0,Year 2020 - CDP report
322,CDP report,2020_53.pdf,53,cdp,2020,0,Year 2020 - CDP report
323,CDP report,2020_63.pdf,63,cdp,2020,0,Year 2020 - CDP report
324,CDP report,2020_67.pdf,67,cdp,2020,0,Year 2020 - CDP report
325,CDP report,2020_74.pdf,74,cdp,2020,0,Year 2020 - CDP report
326,CDP report,2020_76.pdf,76,cdp,2020,0,Year 2020 - CDP report
327,CDP report,2020_8.pdf,8,cdp,2020,0,Year 2020 - CDP report
328,CDP report,2020_81.pdf,81,cdp,2020,0,Year 2020 - CDP report
329,CDP report,2020_85.pdf,85,cdp,2020,0,Year 2020 - CDP report
330,CDP report,2020_88.pdf,88,cdp,2020,0,Year 2020 - CDP report
331,CDP report,6_2020.pdf,2020,cdp,6,0,Year 6 - CDP report
332,Sustainability Reporting,2017_07.pdf,07,sust_report,2017,0,Year 2017 - Sustainability Reporting
333,Sustainability Reporting,2018_07.pdf,07,sust_report,2018,0,Year 2018 - Sustainability Reporting
334,Sustainability Reporting,2018_12.pdf,12,sust_report,2018,0,Year 2018 - Sustainability Reporting
335,Sustainability Reporting,2018_4.pdf,4,sust_report,2018,0,Year 2018 - Sustainability Reporting
336,Sustainability Reporting,2018_86.pdf,86,sust_report,2018,0,Year 2018 - Sustainability Reporting
337,Sustainability Reporting,2019_08.pdf,08,sust_report,2019,0,Year 2019 - Sustainability Reporting
338,Sustainability Reporting,2019_1.pdf,1,sust_report,2019,0,Year 2019 - Sustainability Reporting
339,Sustainability Reporting,2019_10.pdf,10,sust_report,2019,0,Year 2019 - Sustainability Reporting
340,Sustainability Reporting,2019_108.pdf,108,sust_report,2019,0,Year 2019 - Sustainability Reporting
341,Sustainability Reporting,2019_12.pdf,12,sust_report,2019,0,Year 2019 - Sustainability Reporting
342,Sustainability Reporting,2019_19_1.pdf,19,sust_report,2019,1,Year 2019 - Sustainability Reporting - doc1
343,Sustainability Reporting,2019_25.pdf,25,sust_report,2019,0,Year 2019 - Sustainability Reporting
344,Sustainability Reporting,2019_25_1.pdf,25,sust_report,2019,1,Year 2019 - Sustainability Reporting - doc1
345,Sustainability Reporting,2019_26_2.pdf,26,sust_report,2019,2,Year 2019 - Sustainability Reporting - doc2
346,Sustainability Reporting,2019_4.pdf,4,sust_report,2019,0,Year 2019 - Sustainability Reporting
347,Sustainability Reporting,2019_5.pdf,5,sust_report,2019,0,Year 2019 - Sustainability Reporting
348,Sustainability Reporting,2019_52.pdf,52,sust_report,2019,0,Year 2019 - Sustainability Reporting
349,Sustainability Reporting,2019_57.pdf,57,sust_report,2019,0,Year 2019 - Sustainability Reporting
350,Sustainability Reporting,2019_64.pdf,64,sust_report,2019,0,Year 2019 - Sustainability Reporting
351,Sustainability Reporting,2019_7.pdf,7,sust_report,2019,0,Year 2019 - Sustainability Reporting
352,Sustainability Reporting,2019_79.pdf,79,sust_report,2019,0,Year 2019 - Sustainability Reporting
353,Sustainability Reporting,2019_79_2.pdf,79,sust_report,2019,2,Year 2019 - Sustainability Reporting - doc2
354,Sustainability Reporting,2019_83.pdf,83,sust_report,2019,0,Year 2019 - Sustainability Reporting
355,Sustainability Reporting,2019_85.pdf,85,sust_report,2019,0,Year 2019 - Sustainability Reporting
356,Sustainability Reporting,2019_87.pdf,87,sust_report,2019,0,Year 2019 - Sustainability Reporting
357,Sustainability Reporting,2019_91.pdf,91,sust_report,2019,0,Year 2019 - Sustainability Reporting
358,Sustainability Reporting,2020_07_02.pdf,07,sust_report,2020,02,Year 2020 - Sustainability Reporting - doc02
359,Sustainability Reporting,2020_09_02.pdf,09,sust_report,2020,02,Year 2020 - Sustainability Reporting - doc02
360,Sustainability Reporting,2020_1.pdf,1,sust_report,2020,0,Year 2020 - Sustainability Reporting
361,Sustainability Reporting,2020_100.pdf,100,sust_report,2020,0,Year 2020 - Sustainability Reporting
362,Sustainability Reporting,2020_101.pdf,101,sust_report,2020,0,Year 2020 - Sustainability Reporting
363,Sustainability Reporting,2020_102.pdf,102,sust_report,2020,0,Year 2020 - Sustainability Reporting
364,Sustainability Reporting,2020_103.pdf,103,sust_report,2020,0,Year 2020 - Sustainability Reporting
365,Sustainability Reporting,2020_104.pdf,104,sust_report,2020,0,Year 2020 - Sustainability Reporting
366,Sustainability Reporting,2020_105_1.pdf,105,sust_report,2020,1,Year 2020 - Sustainability Reporting - doc1
367,Sustainability Reporting,2020_106.pdf,106,sust_report,2020,0,Year 2020 - Sustainability Reporting
368,Sustainability Reporting,2020_107.pdf,107,sust_report,2020,0,Year 2020 - Sustainability Reporting
369,Sustainability Reporting,2020_108.pdf,108,sust_report,2020,0,Year 2020 - Sustainability Reporting
370,Sustainability Reporting,2020_109.pdf,109,sust_report,2020,0,Year 2020 - Sustainability Reporting
371,Sustainability Reporting,2020_11.pdf,11,sust_report,2020,0,Year 2020 - Sustainability Reporting
372,Sustainability Reporting,2020_110.pdf,110,sust_report,2020,0,Year 2020 - Sustainability Reporting
373,Sustainability Reporting,2020_111.pdf,111,sust_report,2020,0,Year 2020 - Sustainability Reporting
374,Sustainability Reporting,2020_113.pdf,113,sust_report,2020,0,Year 2020 - Sustainability Reporting
375,Sustainability Reporting,2020_13_1.pdf,13,sust_report,2020,1,Year 2020 - Sustainability Reporting - doc1
376,Sustainability Reporting,2020_14.pdf,14,sust_report,2020,0,Year 2020 - Sustainability Reporting
377,Sustainability Reporting,2020_15.pdf,15,sust_report,2020,0,Year 2020 - Sustainability Reporting
378,Sustainability Reporting,2020_16.pdf,16,sust_report,2020,0,Year 2020 - Sustainability Reporting
379,Sustainability Reporting,2020_19.pdf,19,sust_report,2020,0,Year 2020 - Sustainability Reporting
380,Sustainability Reporting,2020_2.pdf,2,sust_report,2020,0,Year 2020 - Sustainability Reporting
381,Sustainability Reporting,2020_20.pdf,20,sust_report,2020,0,Year 2020 - Sustainability Reporting
382,Sustainability Reporting,2020_20.png,20,sust_report,2020,0,Year 2020 - Sustainability Reporting
383,Sustainability Reporting,2020_22.pdf,22,sust_report,2020,0,Year 2020 - Sustainability Reporting
384,Sustainability Reporting,2020_23.pdf,23,sust_report,2020,0,Year 2020 - Sustainability Reporting
385,Sustainability Reporting,2020_24.pdf,24,sust_report,2020,0,Year 2020 - Sustainability Reporting
386,Sustainability Reporting,2020_26.pdf,26,sust_report,2020,0,Year 2020 - Sustainability Reporting
387,Sustainability Reporting,2020_26_1.pdf,26,sust_report,2020,1,Year 2020 - Sustainability Reporting - doc1
388,Sustainability Reporting,2020_27.pdf,27,sust_report,2020,0,Year 2020 - Sustainability Reporting
389,Sustainability Reporting,2020_27_1.pdf,27,sust_report,2020,1,Year 2020 - Sustainability Reporting - doc1
390,Sustainability Reporting,2020_28.pdf,28,sust_report,2020,0,Year 2020 - Sustainability Reporting
391,Sustainability Reporting,2020_28_1.pdf,28,sust_report,2020,1,Year 2020 - Sustainability Reporting - doc1
392,Sustainability Reporting,2020_29.pdf,29,sust_report,2020,0,Year 2020 - Sustainability Reporting
393,Sustainability Reporting,2020_3.pdf,3,sust_report,2020,0,Year 2020 - Sustainability Reporting
394,Sustainability Reporting,2020_30.pdf,30,sust_report,2020,0,Year 2020 - Sustainability Reporting
395,Sustainability Reporting,2020_31.pdf,31,sust_report,2020,0,Year 2020 - Sustainability Reporting
396,Sustainability Reporting,2020_32.pdf,32,sust_report,2020,0,Year 2020 - Sustainability Reporting
397,Sustainability Reporting,2020_34.pdf,34,sust_report,2020,0,Year 2020 - Sustainability Reporting
398,Sustainability Reporting,2020_35.pdf,35,sust_report,2020,0,Year 2020 - Sustainability Reporting
399,Sustainability Reporting,2020_36.pdf,36,sust_report,2020,0,Year 2020 - Sustainability Reporting
400,Sustainability Reporting,2020_37.pdf,37,sust_report,2020,0,Year 2020 - Sustainability Reporting
401,Sustainability Reporting,2020_38.pdf,38,sust_report,2020,0,Year 2020 - Sustainability Reporting
402,Sustainability Reporting,2020_39.pdf,39,sust_report,2020,0,Year 2020 - Sustainability Reporting
403,Sustainability Reporting,2020_3_1.pdf,3,sust_report,2020,1,Year 2020 - Sustainability Reporting - doc1
404,Sustainability Reporting,2020_40.pdf,40,sust_report,2020,0,Year 2020 - Sustainability Reporting
405,Sustainability Reporting,2020_41.pdf,41,sust_report,2020,0,Year 2020 - Sustainability Reporting
406,Sustainability Reporting,2020_41_1.pdf,41,sust_report,2020,1,Year 2020 - Sustainability Reporting - doc1
407,Sustainability Reporting,2020_42.pdf,42,sust_report,2020,0,Year 2020 - Sustainability Reporting
408,Sustainability Reporting,2020_42_1.pdf,42,sust_report,2020,1,Year 2020 - Sustainability Reporting - doc1
409,Sustainability Reporting,2020_43.pdf,43,sust_report,2020,0,Year 2020 - Sustainability Reporting
410,Sustainability Reporting,2020_43_2.pdf,43,sust_report,2020,2,Year 2020 - Sustainability Reporting - doc2
411,Sustainability Reporting,2020_44.pdf,44,sust_report,2020,0,Year 2020 - Sustainability Reporting
412,Sustainability Reporting,2020_45.pdf,45,sust_report,2020,0,Year 2020 - Sustainability Reporting
413,Sustainability Reporting,2020_45_1.pdf,45,sust_report,2020,1,Year 2020 - Sustainability Reporting - doc1
414,Sustainability Reporting,2020_46.pdf,46,sust_report,2020,0,Year 2020 - Sustainability Reporting
415,Sustainability Reporting,2020_47.pdf,47,sust_report,2020,0,Year 2020 - Sustainability Reporting
416,Sustainability Reporting,2020_48.pdf,48,sust_report,2020,0,Year 2020 - Sustainability Reporting
417,Sustainability Reporting,2020_49.pdf,49,sust_report,2020,0,Year 2020 - Sustainability Reporting
418,Sustainability Reporting,2020_5.pdf,5,sust_report,2020,0,Year 2020 - Sustainability Reporting
419,Sustainability Reporting,2020_50.pdf,50,sust_report,2020,0,Year 2020 - Sustainability Reporting
420,Sustainability Reporting,2020_51.pdf,51,sust_report,2020,0,Year 2020 - Sustainability Reporting
421,Sustainability Reporting,2020_53.pdf,53,sust_report,2020,0,Year 2020 - Sustainability Reporting
422,Sustainability Reporting,2020_54.pdf,54,sust_report,2020,0,Year 2020 - Sustainability Reporting
423,Sustainability Reporting,2020_55.pdf,55,sust_report,2020,0,Year 2020 - Sustainability Reporting
424,Sustainability Reporting,2020_56.pdf,56,sust_report,2020,0,Year 2020 - Sustainability Reporting
425,Sustainability Reporting,2020_58.pdf,58,sust_report,2020,0,Year 2020 - Sustainability Reporting
426,Sustainability Reporting,2020_59.pdf,59,sust_report,2020,0,Year 2020 - Sustainability Reporting
427,Sustainability Reporting,2020_6.pdf,6,sust_report,2020,0,Year 2020 - Sustainability Reporting
428,Sustainability Reporting,2020_60.pdf,60,sust_report,2020,0,Year 2020 - Sustainability Reporting
429,Sustainability Reporting,2020_61.pdf,61,sust_report,2020,0,Year 2020 - Sustainability Reporting
430,Sustainability Reporting,2020_62.pdf,62,sust_report,2020,0,Year 2020 - Sustainability Reporting
431,Sustainability Reporting,2020_63.pdf,63,sust_report,2020,0,Year 2020 - Sustainability Reporting
432,Sustainability Reporting,2020_65.pdf,65,sust_report,2020,0,Year 2020 - Sustainability Reporting
433,Sustainability Reporting,2020_66.pdf,66,sust_report,2020,0,Year 2020 - Sustainability Reporting
434,Sustainability Reporting,2020_67.pdf,67,sust_report,2020,0,Year 2020 - Sustainability Reporting
435,Sustainability Reporting,2020_68.pdf,68,sust_report,2020,0,Year 2020 - Sustainability Reporting
436,Sustainability Reporting,2020_69.pdf,69,sust_report,2020,0,Year 2020 - Sustainability Reporting
437,Sustainability Reporting,2020_70.pdf,70,sust_report,2020,0,Year 2020 - Sustainability Reporting
438,Sustainability Reporting,2020_71.pdf,71,sust_report,2020,0,Year 2020 - Sustainability Reporting
439,Sustainability Reporting,2020_72.pdf,72,sust_report,2020,0,Year 2020 - Sustainability Reporting
440,Sustainability Reporting,2020_74.pdf,74,sust_report,2020,0,Year 2020 - Sustainability Reporting
441,Sustainability Reporting,2020_75.pdf,75,sust_report,2020,0,Year 2020 - Sustainability Reporting
442,Sustainability Reporting,2020_76.pdf,76,sust_report,2020,0,Year 2020 - Sustainability Reporting
443,Sustainability Reporting,2020_76_1.pdf,76,sust_report,2020,1,Year 2020 - Sustainability Reporting - doc1
444,Sustainability Reporting,2020_77.pdf,77,sust_report,2020,0,Year 2020 - Sustainability Reporting
445,Sustainability Reporting,2020_78.pdf,78,sust_report,2020,0,Year 2020 - Sustainability Reporting
446,Sustainability Reporting,2020_78_1.pdf,78,sust_report,2020,1,Year 2020 - Sustainability Reporting - doc1
447,Sustainability Reporting,2020_79.pdf,79,sust_report,2020,0,Year 2020 - Sustainability Reporting
448,Sustainability Reporting,2020_8.pdf,8,sust_report,2020,0,Year 2020 - Sustainability Reporting
449,Sustainability Reporting,2020_80.pdf,80,sust_report,2020,0,Year 2020 - Sustainability Reporting
450,Sustainability Reporting,2020_82.pdf,82,sust_report,2020,0,Year 2020 - Sustainability Reporting
451,Sustainability Reporting,2020_84.pdf,84,sust_report,2020,0,Year 2020 - Sustainability Reporting
452,Sustainability Reporting,2020_86.pdf,86,sust_report,2020,0,Year 2020 - Sustainability Reporting
453,Sustainability Reporting,2020_87.pdf,87,sust_report,2020,0,Year 2020 - Sustainability Reporting
454,Sustainability Reporting,2020_88.pdf,88,sust_report,2020,0,Year 2020 - Sustainability Reporting
455,Sustainability Reporting,2020_89.pdf,89,sust_report,2020,0,Year 2020 - Sustainability Reporting
456,Sustainability Reporting,2020_9.pdf,9,sust_report,2020,0,Year 2020 - Sustainability Reporting
457,Sustainability Reporting,2020_90.pdf,90,sust_report,2020,0,Year 2020 - Sustainability Reporting
458,Sustainability Reporting,2020_92.pdf,92,sust_report,2020,0,Year 2020 - Sustainability Reporting
459,Sustainability Reporting,2020_93.pdf,93,sust_report,2020,0,Year 2020 - Sustainability Reporting
460,Sustainability Reporting,2020_93_1.pdf,93,sust_report,2020,1,Year 2020 - Sustainability Reporting - doc1
461,Sustainability Reporting,2020_94.pdf,94,sust_report,2020,0,Year 2020 - Sustainability Reporting
462,Sustainability Reporting,2020_94_1.pdf,94,sust_report,2020,1,Year 2020 - Sustainability Reporting - doc1
463,Sustainability Reporting,2020_94_2.pdf,94,sust_report,2020,2,Year 2020 - Sustainability Reporting - doc2
464,Sustainability Reporting,2020_94_4.pdf,94,sust_report,2020,4,Year 2020 - Sustainability Reporting - doc4
465,Sustainability Reporting,2020_94_5.pdf,94,sust_report,2020,5,Year 2020 - Sustainability Reporting - doc5
466,Sustainability Reporting,2020_95.pdf,95,sust_report,2020,0,Year 2020 - Sustainability Reporting
467,Sustainability Reporting,2020_96.pdf,96,sust_report,2020,0,Year 2020 - Sustainability Reporting
468,Sustainability Reporting,2020_97.pdf,97,sust_report,2020,0,Year 2020 - Sustainability Reporting
469,Sustainability Reporting,2020_98.pdf,98,sust_report,2020,0,Year 2020 - Sustainability Reporting
470,Sustainability Reporting,2020_99.pdf,99,sust_report,2020,0,Year 2020 - Sustainability Reporting
471,Sustainability Reporting,2021_66_01.pdf,66,sust_report,2021,01,Year 2021 - Sustainability Reporting - doc01
472,Targets reporting,2007_07.png,07,targets,2007,0,Year 2007 - Targets reporting
473,Targets reporting,2014_18.png,18,targets,2014,0,Year 2014 - Targets reporting
474,Targets reporting,2016_3.png,3,targets,2016,0,Year 2016 - Targets reporting
475,Targets reporting,2016_89.png,89,targets,2016,0,Year 2016 - Targets reporting
476,Targets reporting,2017_65.png,65,targets,2017,0,Year 2017 - Targets reporting
477,Targets reporting,2017_68.png,68,targets,2017,0,Year 2017 - Targets reporting
478,Targets reporting,2018_3.pdf,3,targets,2018,0,Year 2018 - Targets reporting
479,Targets reporting,2018_4.png,4,targets,2018,0,Year 2018 - Targets reporting
480,Targets reporting,2019_08.png,08,targets,2019,0,Year 2019 - Targets reporting
481,Targets reporting,2019_10.png,10,targets,2019,0,Year 2019 - Targets reporting
482,Targets reporting,2019_27.pdf,27,targets,2019,0,Year 2019 - Targets reporting
483,Targets reporting,2019_52.png,52,targets,2019,0,Year 2019 - Targets reporting
484,Targets reporting,2019_62.png,62,targets,2019,0,Year 2019 - Targets reporting
485,Targets reporting,2019_64.png,64,targets,2019,0,Year 2019 - Targets reporting
486,Targets reporting,2019_66.png,66,targets,2019,0,Year 2019 - Targets reporting
487,Targets reporting,2019_78.png,78,targets,2019,0,Year 2019 - Targets reporting
488,Targets reporting,2019_9.png,9,targets,2019,0,Year 2019 - Targets reporting
489,Targets reporting,2019_90.pdf,90,targets,2019,0,Year 2019 - Targets reporting
490,Targets reporting,2019_91.png,91,targets,2019,0,Year 2019 - Targets reporting
491,Targets reporting,2019_94.png,94,targets,2019,0,Year 2019 - Targets reporting
492,Targets reporting,2019_96.png,96,targets,2019,0,Year 2019 - Targets reporting
493,Targets reporting,2020_07_01.png,07,targets,2020,01,Year 2020 - Targets reporting - doc01
494,Targets reporting,2020_1.png,1,targets,2020,0,Year 2020 - Targets reporting
495,Targets reporting,2020_10.png,10,targets,2020,0,Year 2020 - Targets reporting
496,Targets reporting,2020_100.pdf,100,targets,2020,0,Year 2020 - Targets reporting
497,Targets reporting,2020_100.png,100,targets,2020,0,Year 2020 - Targets reporting
498,Targets reporting,2020_102.pdf,102,targets,2020,0,Year 2020 - Targets reporting
499,Targets reporting,2020_102.png,102,targets,2020,0,Year 2020 - Targets reporting
500,Targets reporting,2020_103.png,103,targets,2020,0,Year 2020 - Targets reporting
501,Targets reporting,2020_105.png,105,targets,2020,0,Year 2020 - Targets reporting
502,Targets reporting,2020_106.png,106,targets,2020,0,Year 2020 - Targets reporting
503,Targets reporting,2020_109.png,109,targets,2020,0,Year 2020 - Targets reporting
504,Targets reporting,2020_10_01.png,10,targets,2020,01,Year 2020 - Targets reporting - doc01
505,Targets reporting,2020_10_02.png,10,targets,2020,02,Year 2020 - Targets reporting - doc02
506,Targets reporting,2020_10_03.png,10,targets,2020,03,Year 2020 - Targets reporting - doc03
507,Targets reporting,2020_11.png,11,targets,2020,0,Year 2020 - Targets reporting
508,Targets reporting,2020_110.png,110,targets,2020,0,Year 2020 - Targets reporting
509,Targets reporting,2020_110_1.png,110,targets,2020,1,Year 2020 - Targets reporting - doc1
510,Targets reporting,2020_111.png,111,targets,2020,0,Year 2020 - Targets reporting
511,Targets reporting,2020_111_1.png,111,targets,2020,1,Year 2020 - Targets reporting - doc1
512,Targets reporting,2020_112.png,112,targets,2020,0,Year 2020 - Targets reporting
513,Targets reporting,2020_113.pdf,113,targets,2020,0,Year 2020 - Targets reporting
514,Targets reporting,2020_113.png,113,targets,2020,0,Year 2020 - Targets reporting
515,Targets reporting,2020_113_2.png,113,targets,2020,2,Year 2020 - Targets reporting - doc2
516,Targets reporting,2020_11_1.png,11,targets,2020,1,Year 2020 - Targets reporting - doc1
517,Targets reporting,2020_12.png,12,targets,2020,0,Year 2020 - Targets reporting
518,Targets reporting,2020_13.png,13,targets,2020,0,Year 2020 - Targets reporting
519,Targets reporting,2020_14.png,14,targets,2020,0,Year 2020 - Targets reporting
520,Targets reporting,2020_15.png,15,targets,2020,0,Year 2020 - Targets reporting
521,Targets reporting,2020_15_02.png,15,targets,2020,02,Year 2020 - Targets reporting - doc02
522,Targets reporting,2020_15_1.png,15,targets,2020,1,Year 2020 - Targets reporting - doc1
523,Targets reporting,2020_18.png,18,targets,2020,0,Year 2020 - Targets reporting
524,Targets reporting,2020_18_1.png,18,targets,2020,1,Year 2020 - Targets reporting - doc1
525,Targets reporting,2020_19.png,19,targets,2020,0,Year 2020 - Targets reporting
526,Targets reporting,2020_20.png,20,targets,2020,0,Year 2020 - Targets reporting
527,Targets reporting,2020_20_1.png,20,targets,2020,1,Year 2020 - Targets reporting - doc1
528,Targets reporting,2020_22.png,22,targets,2020,0,Year 2020 - Targets reporting
529,Targets reporting,2020_22_1.png,22,targets,2020,1,Year 2020 - Targets reporting - doc1
530,Targets reporting,2020_23.png,23,targets,2020,0,Year 2020 - Targets reporting
531,Targets reporting,2020_23_1.png,23,targets,2020,1,Year 2020 - Targets reporting - doc1
532,Targets reporting,2020_23_2.png,23,targets,2020,2,Year 2020 - Targets reporting - doc2
533,Targets reporting,2020_24.png,24,targets,2020,0,Year 2020 - Targets reporting
534,Targets reporting,2020_24_1.png,24,targets,2020,1,Year 2020 - Targets reporting - doc1
535,Targets reporting,2020_25.png,25,targets,2020,0,Year 2020 - Targets reporting
536,Targets reporting,2020_26.png,26,targets,2020,0,Year 2020 - Targets reporting
537,Targets reporting,2020_26_1.png,26,targets,2020,1,Year 2020 - Targets reporting - doc1
538,Targets reporting,2020_27.png,27,targets,2020,0,Year 2020 - Targets reporting
539,Targets reporting,2020_27_1.png,27,targets,2020,1,Year 2020 - Targets reporting - doc1
540,Targets reporting,2020_27_2.png,27,targets,2020,2,Year 2020 - Targets reporting - doc2
541,Targets reporting,2020_28.png,28,targets,2020,0,Year 2020 - Targets reporting
542,Targets reporting,2020_29.png,29,targets,2020,0,Year 2020 - Targets reporting
543,Targets reporting,2020_3.png,3,targets,2020,0,Year 2020 - Targets reporting
544,Targets reporting,2020_30.png,30,targets,2020,0,Year 2020 - Targets reporting
545,Targets reporting,2020_30_1.png,30,targets,2020,1,Year 2020 - Targets reporting - doc1
546,Targets reporting,2020_31.png,31,targets,2020,0,Year 2020 - Targets reporting
547,Targets reporting,2020_32.png,32,targets,2020,0,Year 2020 - Targets reporting
548,Targets reporting,2020_35.png,35,targets,2020,0,Year 2020 - Targets reporting
549,Targets reporting,2020_35_1.png,35,targets,2020,1,Year 2020 - Targets reporting - doc1
550,Targets reporting,2020_36.png,36,targets,2020,0,Year 2020 - Targets reporting
551,Targets reporting,2020_37.pdf,37,targets,2020,0,Year 2020 - Targets reporting
552,Targets reporting,2020_37.png,37,targets,2020,0,Year 2020 - Targets reporting
553,Targets reporting,2020_38.png,38,targets,2020,0,Year 2020 - Targets reporting
554,Targets reporting,2020_39.png,39,targets,2020,0,Year 2020 - Targets reporting
555,Targets reporting,2020_4.png,4,targets,2020,0,Year 2020 - Targets reporting
556,Targets reporting,2020_42.pdf,42,targets,2020,0,Year 2020 - Targets reporting
557,Targets reporting,2020_42.png,42,targets,2020,0,Year 2020 - Targets reporting
558,Targets reporting,2020_43.pdf,43,targets,2020,0,Year 2020 - Targets reporting
559,Targets reporting,2020_43.png,43,targets,2020,0,Year 2020 - Targets reporting
560,Targets reporting,2020_43_1.png,43,targets,2020,1,Year 2020 - Targets reporting - doc1
561,Targets reporting,2020_44.png,44,targets,2020,0,Year 2020 - Targets reporting
562,Targets reporting,2020_45.png,45,targets,2020,0,Year 2020 - Targets reporting
563,Targets reporting,2020_46.png,46,targets,2020,0,Year 2020 - Targets reporting
564,Targets reporting,2020_47.png,47,targets,2020,0,Year 2020 - Targets reporting
565,Targets reporting,2020_47_1.png,47,targets,2020,1,Year 2020 - Targets reporting - doc1
566,Targets reporting,2020_48.pdf,48,targets,2020,0,Year 2020 - Targets reporting
567,Targets reporting,2020_48_2.pdf,48,targets,2020,2,Year 2020 - Targets reporting - doc2
568,Targets reporting,2020_49.png,49,targets,2020,0,Year 2020 - Targets reporting
569,Targets reporting,2020_4_2.png,4,targets,2020,2,Year 2020 - Targets reporting - doc2
570,Targets reporting,2020_4_4.png,4,targets,2020,4,Year 2020 - Targets reporting - doc4
571,Targets reporting,2020_4_5.png,4,targets,2020,5,Year 2020 - Targets reporting - doc5
572,Targets reporting,2020_5.png,5,targets,2020,0,Year 2020 - Targets reporting
573,Targets reporting,2020_51.png,51,targets,2020,0,Year 2020 - Targets reporting
574,Targets reporting,2020_53.png,53,targets,2020,0,Year 2020 - Targets reporting
575,Targets reporting,2020_53_1.png,53,targets,2020,1,Year 2020 - Targets reporting - doc1
576,Targets reporting,2020_53_2.png,53,targets,2020,2,Year 2020 - Targets reporting - doc2
577,Targets reporting,2020_54.png,54,targets,2020,0,Year 2020 - Targets reporting
578,Targets reporting,2020_55.html,55,targets,2020,0,Year 2020 - Targets reporting
579,Targets reporting,2020_55.png,55,targets,2020,0,Year 2020 - Targets reporting
580,Targets reporting,2020_56.png,56,targets,2020,0,Year 2020 - Targets reporting
581,Targets reporting,2020_58.png,58,targets,2020,0,Year 2020 - Targets reporting
582,Targets reporting,2020_58_1.png,58,targets,2020,1,Year 2020 - Targets reporting - doc1
583,Targets reporting,2020_59.png,59,targets,2020,0,Year 2020 - Targets reporting
584,Targets reporting,2020_60.png,60,targets,2020,0,Year 2020 - Targets reporting
585,Targets reporting,2020_61.png,61,targets,2020,0,Year 2020 - Targets reporting
586,Targets reporting,2020_63.png,63,targets,2020,0,Year 2020 - Targets reporting
587,Targets reporting,2020_63_1.png,63,targets,2020,1,Year 2020 - Targets reporting - doc1
588,Targets reporting,2020_65.png,65,targets,2020,0,Year 2020 - Targets reporting
589,Targets reporting,2020_65_1.png,65,targets,2020,1,Year 2020 - Targets reporting - doc1
590,Targets reporting,2020_66.pdf,66,targets,2020,0,Year 2020 - Targets reporting
591,Targets reporting,2020_66.png,66,targets,2020,0,Year 2020 - Targets reporting
592,Targets reporting,2020_67.png,67,targets,2020,0,Year 2020 - Targets reporting
593,Targets reporting,2020_68.png,68,targets,2020,0,Year 2020 - Targets reporting
594,Targets reporting,2020_68_1.png,68,targets,2020,1,Year 2020 - Targets reporting - doc1
595,Targets reporting,2020_68_2.png,68,targets,2020,2,Year 2020 - Targets reporting - doc2
596,Targets reporting,2020_69_1.png,69,targets,2020,1,Year 2020 - Targets reporting - doc1
597,Targets reporting,2020_69_2.png,69,targets,2020,2,Year 2020 - Targets reporting - doc2
598,Targets reporting,2020_70.png,70,targets,2020,0,Year 2020 - Targets reporting
599,Targets reporting,2020_71.pdf,71,targets,2020,0,Year 2020 - Targets reporting
600,Targets reporting,2020_71.png,71,targets,2020,0,Year 2020 - Targets reporting
601,Targets reporting,2020_72.png,72,targets,2020,0,Year 2020 - Targets reporting
602,Targets reporting,2020_72_1.png,72,targets,2020,1,Year 2020 - Targets reporting - doc1
603,Targets reporting,2020_75.png,75,targets,2020,0,Year 2020 - Targets reporting
604,Targets reporting,2020_75_1.png,75,targets,2020,1,Year 2020 - Targets reporting - doc1
605,Targets reporting,2020_76.pdf,76,targets,2020,0,Year 2020 - Targets reporting
606,Targets reporting,2020_76.png,76,targets,2020,0,Year 2020 - Targets reporting
607,Targets reporting,2020_77.pdf,77,targets,2020,0,Year 2020 - Targets reporting
608,Targets reporting,2020_77.png,77,targets,2020,0,Year 2020 - Targets reporting
609,Targets reporting,2020_78.png,78,targets,2020,0,Year 2020 - Targets reporting
610,Targets reporting,2020_78_2.png,78,targets,2020,2,Year 2020 - Targets reporting - doc2
611,Targets reporting,2020_78_3.png,78,targets,2020,3,Year 2020 - Targets reporting - doc3
612,Targets reporting,2020_79.pdf,79,targets,2020,0,Year 2020 - Targets reporting
613,Targets reporting,2020_79.png,79,targets,2020,0,Year 2020 - Targets reporting
614,Targets reporting,2020_79_1.pdf,79,targets,2020,1,Year 2020 - Targets reporting - doc1
615,Targets reporting,2020_79_1.png,79,targets,2020,1,Year 2020 - Targets reporting - doc1
616,Targets reporting,2020_8.png,8,targets,2020,0,Year 2020 - Targets reporting
617,Targets reporting,2020_80.png,80,targets,2020,0,Year 2020 - Targets reporting
618,Targets reporting,2020_81.png,81,targets,2020,0,Year 2020 - Targets reporting
619,Targets reporting,2020_83.png,83,targets,2020,0,Year 2020 - Targets reporting
620,Targets reporting,2020_84.png,84,targets,2020,0,Year 2020 - Targets reporting
621,Targets reporting,2020_84_1.png,84,targets,2020,1,Year 2020 - Targets reporting - doc1
622,Targets reporting,2020_85.pdf,85,targets,2020,0,Year 2020 - Targets reporting
623,Targets reporting,2020_85.png,85,targets,2020,0,Year 2020 - Targets reporting
624,Targets reporting,2020_86.png,86,targets,2020,0,Year 2020 - Targets reporting
625,Targets reporting,2020_87.png,87,targets,2020,0,Year 2020 - Targets reporting
626,Targets reporting,2020_88.png,88,targets,2020,0,Year 2020 - Targets reporting
627,Targets reporting,2020_89.png,89,targets,2020,0,Year 2020 - Targets reporting
628,Targets reporting,2020_89_1.png,89,targets,2020,1,Year 2020 - Targets reporting - doc1
629,Targets reporting,2020_8_01.png,8,targets,2020,01,Year 2020 - Targets reporting - doc01
630,Targets reporting,2020_8_2.png,8,targets,2020,2,Year 2020 - Targets reporting - doc2
631,Targets reporting,2020_8_3.png,8,targets,2020,3,Year 2020 - Targets reporting - doc3
632,Targets reporting,2020_9.png,9,targets,2020,0,Year 2020 - Targets reporting
633,Targets reporting,2020_90.pdf,90,targets,2020,0,Year 2020 - Targets reporting
634,Targets reporting,2020_90.png,90,targets,2020,0,Year 2020 - Targets reporting
635,Targets reporting,2020_90_1 copy.png,90,targets,2020,1 copy,Year 2020 - Targets reporting - doc1 copy
636,Targets reporting,2020_90_1.png,90,targets,2020,1,Year 2020 - Targets reporting - doc1
637,Targets reporting,2020_93.png,93,targets,2020,0,Year 2020 - Targets reporting
638,Targets reporting,2020_94.png,94,targets,2020,0,Year 2020 - Targets reporting
639,Targets reporting,2020_94_2.pdf,94,targets,2020,2,Year 2020 - Targets reporting - doc2
640,Targets reporting,2020_95.png,95,targets,2020,0,Year 2020 - Targets reporting
641,Targets reporting,2020_96.png,96,targets,2020,0,Year 2020 - Targets reporting
642,Targets reporting,2020_96_1.png,96,targets,2020,1,Year 2020 - Targets reporting - doc1
643,Targets reporting,2020_97.png,97,targets,2020,0,Year 2020 - Targets reporting
644,Targets reporting,2020_98.png,98,targets,2020,0,Year 2020 - Targets reporting
645,Targets reporting,2020_98_1.png,98,targets,2020,1,Year 2020 - Targets reporting - doc1
646,Targets reporting,2020_99.pdf,99,targets,2020,0,Year 2020 - Targets reporting
647,Targets reporting,2020_99.png,99,targets,2020,0,Year 2020 - Targets reporting
648,Targets reporting,2021_1.pdf,1,targets,2021,0,Year 2021 - Targets reporting
649,Targets reporting,2021_100.png,100,targets,2021,0,Year 2021 - Targets reporting
650,Targets reporting,2021_104.pdf,104,targets,2021,0,Year 2021 - Targets reporting
651,Targets reporting,2021_14.png,14,targets,2021,0,Year 2021 - Targets reporting
652,Targets reporting,2021_16.png,16,targets,2021,0,Year 2021 - Targets reporting
653,Targets reporting,2021_2.pdf,2,targets,2021,0,Year 2021 - Targets reporting
654,Targets reporting,2021_28.png,28,targets,2021,0,Year 2021 - Targets reporting
655,Targets reporting,2021_28_1.png,28,targets,2021,1,Year 2021 - Targets reporting - doc1
656,Targets reporting,2021_3.png,3,targets,2021,0,Year 2021 - Targets reporting
657,Targets reporting,2021_30.png,30,targets,2021,0,Year 2021 - Targets reporting
658,Targets reporting,2021_44.png,44,targets,2021,0,Year 2021 - Targets reporting
659,Targets reporting,2021_48_2.png,48,targets,2021,2,Year 2021 - Targets reporting - doc2
660,Targets reporting,2021_48_3.png,48,targets,2021,3,Year 2021 - Targets reporting - doc3
661,Targets reporting,2021_5.png,5,targets,2021,0,Year 2021 - Targets reporting
662,Targets reporting,2021_50.png,50,targets,2021,0,Year 2021 - Targets reporting
663,Targets reporting,2021_50_1.png,50,targets,2021,1,Year 2021 - Targets reporting - doc1
664,Targets reporting,2021_6.png,6,targets,2021,0,Year 2021 - Targets reporting
665,Targets reporting,2021_71.png,71,targets,2021,0,Year 2021 - Targets reporting
666,Targets reporting,2021_75.png,75,targets,2021,0,Year 2021 - Targets reporting
667,Targets reporting,2021_76.png,76,targets,2021,0,Year 2021 - Targets reporting
668,Targets reporting,2021_83.png,83,targets,2021,0,Year 2021 - Targets reporting
669,Targets reporting,2021_85.png,85,targets,2021,0,Year 2021 - Targets reporting
670,Targets reporting,2021_87.png,87,targets,2021,0,Year 2021 - Targets reporting
671,Targets reporting,2021_91.png,91,targets,2021,0,Year 2021 - Targets reporting
672,Targets reporting,2021_92.png,92,targets,2021,0,Year 2021 - Targets reporting
673,Verification,2018_09.pdf,09,verification,2018,0,Year 2018 - Verification
674,Verification,2019_09.pdf,09,verification,2019,0,Year 2019 - Verification
675,Verification,2019_10.pdf,10,verification,2019,0,Year 2019 - Verification
676,Verification,2019_15.pdf,15,verification,2019,0,Year 2019 - Verification
677,Verification,2019_15.png,15,verification,2019,0,Year 2019 - Verification
678,Verification,2019_16.pdf,16,verification,2019,0,Year 2019 - Verification
679,Verification,2019_19.pdf,19,verification,2019,0,Year 2019 - Verification
680,Verification,2019_22.pdf,22,verification,2019,0,Year 2019 - Verification
681,Verification,2019_48_3.pdf,48,verification,2019,3,Year 2019 - Verification - doc3
682,Verification,2019_5.pdf,5,verification,2019,0,Year 2019 - Verification
683,Verification,2019_58.pdf,58,verification,2019,0,Year 2019 - Verification
684,Verification,2019_64.pdf,64,verification,2019,0,Year 2019 - Verification
685,Verification,2019_65.pdf,65,verification,2019,0,Year 2019 - Verification
686,Verification,2019_66.pdf,66,verification,2019,0,Year 2019 - Verification
687,Verification,2019_7.pdf,7,verification,2019,0,Year 2019 - Verification
688,Verification,2019_78.pdf,78,verification,2019,0,Year 2019 - Verification
689,Verification,2019_79.pdf,79,verification,2019,0,Year 2019 - Verification
690,Verification,2019_80.pdf,80,verification,2019,0,Year 2019 - Verification
691,Verification,2019_82.pdf,82,verification,2019,0,Year 2019 - Verification
692,Verification,2019_83.png,83,verification,2019,0,Year 2019 - Verification
693,Verification,2019_93.pdf,93,verification,2019,0,Year 2019 - Verification
694,Verification,2019_99.pdf,99,verification,2019,0,Year 2019 - Verification
695,Verification,2020_08.pdf,08,verification,2020,0,Year 2020 - Verification
696,Verification,2020_1.pdf,1,verification,2020,0,Year 2020 - Verification
697,Verification,2020_100.pdf,100,verification,2020,0,Year 2020 - Verification
698,Verification,2020_103.pdf,103,verification,2020,0,Year 2020 - Verification
699,Verification,2020_104.png,104,verification,2020,0,Year 2020 - Verification
700,Verification,2020_106.pdf,106,verification,2020,0,Year 2020 - Verification
701,Verification,2020_108.pdf,108,verification,2020,0,Year 2020 - Verification
702,Verification,2020_110.pdf,110,verification,2020,0,Year 2020 - Verification
703,Verification,2020_112.pdf,112,verification,2020,0,Year 2020 - Verification
704,Verification,2020_113.pdf,113,verification,2020,0,Year 2020 - Verification
705,Verification,2020_13.pdf,13,verification,2020,0,Year 2020 - Verification
706,Verification,2020_14.pdf,14,verification,2020,0,Year 2020 - Verification
707,Verification,2020_14_01.pdf,14,verification,2020,01,Year 2020 - Verification - doc01
708,Verification,2020_18.pdf,18,verification,2020,0,Year 2020 - Verification
709,Verification,2020_19.pdf,19,verification,2020,0,Year 2020 - Verification
710,Verification,2020_2.pdf,2,verification,2020,0,Year 2020 - Verification
711,Verification,2020_20.pdf,20,verification,2020,0,Year 2020 - Verification
712,Verification,2020_23.pdf,23,verification,2020,0,Year 2020 - Verification
713,Verification,2020_24.pdf,24,verification,2020,0,Year 2020 - Verification
714,Verification,2020_27.pdf,27,verification,2020,0,Year 2020 - Verification
715,Verification,2020_28.pdf,28,verification,2020,0,Year 2020 - Verification
716,Verification,2020_29.pdf,29,verification,2020,0,Year 2020 - Verification
717,Verification,2020_3.pdf,3,verification,2020,0,Year 2020 - Verification
718,Verification,2020_30.pdf,30,verification,2020,0,Year 2020 - Verification
719,Verification,2020_30_1.pdf,30,verification,2020,1,Year 2020 - Verification - doc1
720,Verification,2020_32.pdf,32,verification,2020,0,Year 2020 - Verification
721,Verification,2020_34.pdf,34,verification,2020,0,Year 2020 - Verification
722,Verification,2020_34.png,34,verification,2020,0,Year 2020 - Verification
723,Verification,2020_38.pdf,38,verification,2020,0,Year 2020 - Verification
724,Verification,2020_39.pdf,39,verification,2020,0,Year 2020 - Verification
725,Verification,2020_41.pdf,41,verification,2020,0,Year 2020 - Verification
726,Verification,2020_41_1.pdf,41,verification,2020,1,Year 2020 - Verification - doc1
727,Verification,2020_41_2.pdf,41,verification,2020,2,Year 2020 - Verification - doc2
728,Verification,2020_43.pdf,43,verification,2020,0,Year 2020 - Verification
729,Verification,2020_44.pdf,44,verification,2020,0,Year 2020 - Verification
730,Verification,2020_45.png,45,verification,2020,0,Year 2020 - Verification
731,Verification,2020_48.pdf,48,verification,2020,0,Year 2020 - Verification
732,Verification,2020_48_2.pdf,48,verification,2020,2,Year 2020 - Verification - doc2
733,Verification,2020_49.png,49,verification,2020,0,Year 2020 - Verification
734,Verification,2020_5.pdf,5,verification,2020,0,Year 2020 - Verification
735,Verification,2020_50.pdf,50,verification,2020,0,Year 2020 - Verification
736,Verification,2020_53.pdf,53,verification,2020,0,Year 2020 - Verification
737,Verification,2020_54.pdf,54,verification,2020,0,Year 2020 - Verification
738,Verification,2020_55.pdf,55,verification,2020,0,Year 2020 - Verification
739,Verification,2020_56.pdf,56,verification,2020,0,Year 2020 - Verification
740,Verification,2020_57.pdf,57,verification,2020,0,Year 2020 - Verification
741,Verification,2020_58.pdf,58,verification,2020,0,Year 2020 - Verification
742,Verification,2020_58_1.pdf,58,verification,2020,1,Year 2020 - Verification - doc1
743,Verification,2020_59.pdf,59,verification,2020,0,Year 2020 - Verification
744,Verification,2020_60.pdf,60,verification,2020,0,Year 2020 - Verification
745,Verification,2020_61.pdf,61,verification,2020,0,Year 2020 - Verification
746,Verification,2020_66.pdf,66,verification,2020,0,Year 2020 - Verification
747,Verification,2020_66.png,66,verification,2020,0,Year 2020 - Verification
748,Verification,2020_67.pdf,67,verification,2020,0,Year 2020 - Verification
749,Verification,2020_69.pdf,69,verification,2020,0,Year 2020 - Verification
750,Verification,2020_71.pdf,71,verification,2020,0,Year 2020 - Verification
751,Verification,2020_71_1.pdf,71,verification,2020,1,Year 2020 - Verification - doc1
752,Verification,2020_72.pdf,72,verification,2020,0,Year 2020 - Verification
753,Verification,2020_74.png,74,verification,2020,0,Year 2020 - Verification
754,Verification,2020_75.pdf,75,verification,2020,0,Year 2020 - Verification
755,Verification,2020_76.pdf,76,verification,2020,0,Year 2020 - Verification
756,Verification,2020_77.png,77,verification,2020,0,Year 2020 - Verification
757,Verification,2020_78.pdf,78,verification,2020,0,Year 2020 - Verification
758,Verification,2020_78_2.pdf,78,verification,2020,2,Year 2020 - Verification - doc2
759,Verification,2020_8.pdf,8,verification,2020,0,Year 2020 - Verification
760,Verification,2020_80.pdf,80,verification,2020,0,Year 2020 - Verification
761,Verification,2020_82.pdf,82,verification,2020,0,Year 2020 - Verification
762,Verification,2020_84.pdf,84,verification,2020,0,Year 2020 - Verification
763,Verification,2020_86.pdf,86,verification,2020,0,Year 2020 - Verification
764,Verification,2020_87.png,87,verification,2020,0,Year 2020 - Verification
765,Verification,2020_88.pdf,88,verification,2020,0,Year 2020 - Verification
766,Verification,2020_89.pdf,89,verification,2020,0,Year 2020 - Verification
767,Verification,2020_9.pdf,9,verification,2020,0,Year 2020 - Verification
768,Verification,2020_92.png,92,verification,2020,0,Year 2020 - Verification
769,Verification,2020_93.pdf,93,verification,2020,0,Year 2020 - Verification
770,Verification,2020_93.png,93,verification,2020,0,Year 2020 - Verification
771,Verification,2020_94.pdf,94,verification,2020,0,Year 2020 - Verification
772,Verification,2020_96.pdf,96,verification,2020,0,Year 2020 - Verification
773,Verification,2020_98.pdf,98,verification,2020,0,Year 2020 - Verification
